﻿Ma Quan,Dinh Danh,Quan
BinhChanh,Huyện,Bình Chánh
BinhTan,Quận,Bình Tân
BinhThanh,Quận,Bình Thạnh
CuChi,Huyện,Củ Chi
GoVap,Quận,Gò Vấp
HocMon,Huyện,Hóc Môn
NhaBe,Huyện,Nhà Bè
PhuNhuan,Quận,Phú Nhuận
Quan1,Quận,Quận 1
Quan10,Quận,Quận 10
Quan11,Quận,Quận 11
Quan12,Quận,Quận 12
Quan2,Quận,Quận 2
Quan3,Quận,Quận 3
Quan4,Quận,Quận 4
Quan5,Quận,Quận 5
Quan6,Quận,Quận 6
Quan7,Quận,Quận 7
Quan8,Quận,Quận 8
Quan9,Quận,Quận 9
TanBinh,Quận,Tân Bình
TanPhu,Quận,Tân Phú
ThuDuc,Thành Phố,Thủ Đức
